contrast,time_point,estimate,SE,df,lower.CL,upper.CL,t.ratio,p.value,sig
Placebo - Ketamine,Pre-infusion,1.0469139925206745,0.5185004051232721,80.59844076946075,0.015182904338812753,2.078645080702536,2.01911894798187,0.0468,*
Placebo - Ketamine,Post-bolus,-7.131313131313138,0.5094280026839563,76.44398753701762,-8.145831640513787,-6.116794622112488,-13.99866731656157,0.0000,***
Placebo - Ketamine,End of infusion,-3.2089069769285334,0.5546969746168379,97.8787336901041,-4.309702115899751,-2.108111837957316,-5.784972919935458,0.0000,***
