session,time_point,emmean,SE,df,lower.CL,upper.CL
Placebo,Pre-infusion,0.23513650332659441,0.4151589341443699,62.574650655320085,-0.5946028058294406,1.0648758124826294
Ketamine,Pre-infusion,1.2820504887863642,0.35130172469529675,91.2544558460511,0.5842589819143794,1.979841995658349
Placebo,Post-bolus,8.313131313131311,0.41129030251121834,60.68287646591771,7.49061859244754,9.135644033815083
Ketamine,Post-bolus,1.181818181818179,0.34232658445847597,85.30115333051369,0.5012159080483847,1.8624204555879733
Placebo,End of infusion,4.303217464016061,0.4380626114180026,74.3904357788885,3.4304347705505958,5.176000157481527
Ketamine,End of infusion,1.0943105171357366,0.3783691791140264,109.76966832499025,0.3444541165699121,1.844166917701561
