session,time_point,emmean,SE,df,lower.CL,upper.CL
Placebo,Pre-infusion,1.282050489670149,0.35130173931047093,91.25444344348934,0.5842589524939366,1.9798420268463615
Ketamine,Pre-infusion,0.2351364971494747,0.41515895894315274,62.57464370180776,-0.5946028633865251,1.0648758576854744
Placebo,Post-bolus,1.1818181818181803,0.34232659942440136,85.30114154492881,0.5012158769409845,1.8624204866953762
Ketamine,Post-bolus,8.313131313131318,0.4112903275684965,60.68286986489805,7.490618540517979,9.135644085744659
Placebo,End of infusion,1.0943104973386144,0.37836919277784864,109.76965447061232,0.3444540686389638,1.8441669260382652
Ketamine,End of infusion,4.303217474267148,0.4380626347744281,74.39042669575666,3.4304347325057813,5.176000216028515
