contrast,time_point,estimate,SE,df,lower.CL,upper.CL,t.ratio,p.value,sig
Placebo - Ketamine,Pre-infusion,-1.0469139854597698,0.5185003744007193,80.59845354268691,-2.0786450100175684,-0.015182960901971132,-2.0191190540022057,0.0468,*
Placebo - Ketamine,Post-bolus,7.1313131313131315,0.509427971453922,76.443999538674,6.1167946868672916,8.145831575758972,13.998668174737558,0.0000,***
Placebo - Ketamine,End of infusion,3.208906946880324,0.5546969457882308,97.87874930966692,2.108111867317733,4.309702026442915,5.784973166420504,0.0000,***
