subscale,r,p,sig
amnesia,0.37363788872862663,0.05016426846973648,
depersonalization,0.23513647226775888,0.22840585953784298,
derealisation,0.579814889986728,0.0012214164597261093,**
