contrast,intensity,estimate,SE,df,lower.CL,upper.CL,t.ratio,p.value,sig
ketamine - placebo,high,-12.976732689799672,4.267201301226496,41.37720195657638,-21.59213533593074,-4.3613300436686036,-3.0410406666472114,0.004079737776118937,**
ketamine - placebo,low,-3.10195673061148,4.267201301226496,41.37720195657617,-11.71735937674255,5.51344591551959,-0.726930020789013,0.4713617566918199,
