contrast,session,estimate,SE,df,lower.CL,upper.CL,t.ratio,p.value,sig
high - low,ketamine,12.925195909958966,3.4534726209194475,49.01401418276982,5.985233040325183,19.865158779592747,3.7426663908277287,4.7833586336257537e-4,***
high - low,placebo,22.799971869147157,3.4534726209194475,49.01401418276967,15.860008999513372,29.739934738780942,6.602042167943097,2.7410057620091784e-8,***
