session,r,p,sig
placebo,0.6425663804098272,3.0137150958072515e-4,***
ketamine,0.6036068080109468,8.578854719177313e-4,***
