contrast,intensity,estimate,SE,df,lower.CL,upper.CL,t.ratio,p.value,sig
placebo - ketamine,No pain,0.5178571428571431,0.28650075013508625,53.99999999999959,-0.05654227713903304,1.0922565628533194,1.8075245618483422,0.0763,
placebo - ketamine,Pain,1.8749982142857138,0.28650075013508625,53.99999999999959,1.3005987942895376,2.44939763428189,6.544479249711021,0.0000,***
