ROI,term,contrast,null.value,estimate,std.error,df,statistic,p.value
ant_insula_L,session,ketamine - placebo,0,-0.33464762494145706,0.13589368273901986,338.0000000000118,-2.462569401288055,0.014292768151453158
ant_insula_R,session,ketamine - placebo,0,-0.40126972133348665,0.13589368273901986,338.0000000000118,-2.9528210086418385,0.0033692247820419864
dACC,session,ketamine - placebo,0,-0.40293036266685706,0.1358936827390199,338.0000000000118,-2.965041159718026,0.0032415264746486114
dlPFC_R,session,ketamine - placebo,0,-0.389736513464351,0.13589368273901986,338.0000000000118,-2.867951663454654,0.0043908365569323565
s1_R,session,ketamine - placebo,0,-0.5476124383424544,0.1358936827390199,338.0000000000118,-4.0297122522915885,6.90314882948156e-5
s2_L,session,ketamine - placebo,0,-0.40769791814395706,0.13589368273901986,338.0000000000118,-3.0001241406263888,0.0028991316824766625
s2_R,session,ketamine - placebo,0,-0.4575334695934735,0.1358936827390199,338.0000000000118,-3.3668487038661987,8.479183385560254e-4
