session,calib_temp.trend,intercept,n
ketamine,0.1312454906939329,-6.008126907322264,27
placebo,0.3306567451643825,-15.210210277561595,27
